request_id,amount_safe_to_pay,affordability_status,recommended_payment_method,payment_plan,earliest_date_for_full_payment,spending_changes_needed,decision_explanation
request_26,1.5656E+7,affordable_now,full_payment,2025-08-03:1.5656E+7,2025-08-03,none,"Pay IDR 15,656,000 today. The balance stays above the IDR 24,768,300 minimum for the whole 90-day forecast."
request_27,6.67E+3,affordable_now,full_payment,2026-07-05:6.67E+3,2026-07-05,none,"Pay ZAR 6,670 today. The balance stays above the ZAR 20,500 minimum for the whole 90-day forecast."
request_28,285.58,affordable_later,wait,2024-08-15:1302.40,2024-08-15,none,"Waiting until 2024-08-15 allows the full EUR 1,302.4 to be paid while keeping the EUR 1,100 minimum balance intact."
request_29,51524,affordable_now,full_payment,2025-11-04:51524,2025-11-04,none,"Pay ZAR 51,524 today. The balance stays above the ZAR 28,300 minimum for the whole 90-day forecast."
request_30,464.13,not_affordable,not_recommended,none,,none,"Only USD 464.13 of the USD 775.2 can be paid without dropping below the USD 900 minimum balance, and the full amount is not reachable within the forecast period."
request_31,3541094.42,affordable_later,wait,2024-11-15:1.8164E+7,2024-11-15,none,"Waiting until 2024-11-15 allows the full IDR 18,164,000 to be paid while keeping the IDR 16,588,900 minimum balance intact."
request_32,16547.34,affordable_later,wait,2025-04-15:40018,,reduce_to:event_2929:1181.4|stop:event_2863,"Waiting until None allows the full ZAR 40,018 to be paid while keeping the ZAR 35,700 minimum balance intact."
request_33,37442.52,affordable_later,wait,2026-03-15:1.18E+5,2026-03-15,none,"Waiting until 2026-03-15 allows the full INR 118,000 to be paid while keeping the INR 102,100 minimum balance intact."
request_34,1.294E+5,affordable_now,full_payment,2024-12-04:1.294E+5,2024-12-04,none,"Pay INR 129,400 today. The balance stays above the INR 138,500 minimum for the whole 90-day forecast."
request_35,31748.59,affordable_later,wait,2026-01-15:2.12E+5,2026-01-15,none,"Waiting until 2026-01-15 allows the full INR 212,000 to be paid while keeping the INR 106,400 minimum balance intact."
request_36,574.90,not_affordable,not_recommended,none,,none,"Only USD 574.9 of the USD 3,954 can be paid without dropping below the USD 2,400 minimum balance, and the full amount is not reachable within the forecast period."
request_37,4545144.56,affordable_later,wait,2024-05-15:1.4649E+7,2024-05-15,none,"Waiting until 2024-05-15 allows the full IDR 14,649,000 to be paid while keeping the IDR 17,056,200 minimum balance intact."
request_38,217.45,affordable_later,wait,2025-10-15:971.30,2025-10-15,none,Waiting until 2025-10-15 allows the full EUR 971.3 to be paid while keeping the EUR 400 minimum balance intact.
request_39,121211.52,affordable_later,wait,2026-06-15:2.086E+5,2026-06-15,none,"Waiting until 2026-06-15 allows the full INR 208,600 to be paid while keeping the INR 213,400 minimum balance intact."
request_40,362.94,affordable_later,wait,2024-08-15:1290.30,2024-08-15,none,"Waiting until 2024-08-15 allows the full EUR 1,290.3 to be paid while keeping the EUR 1,500 minimum balance intact."
request_41,10317942.97,affordable_later,wait,2026-01-15:3.876E+7,2026-01-15,none,"Waiting until 2026-01-15 allows the full IDR 38,760,000 to be paid while keeping the IDR 25,366,600 minimum balance intact."
request_42,5.21E+4,affordable_now,full_payment,2026-01-05:5.21E+4,2026-01-05,none,"Pay INR 52,100 today. The balance stays above the INR 113,100 minimum for the whole 90-day forecast."
request_43,8443757.75,affordable_later,wait,2024-11-15:4.3339E+7,2024-11-15,none,"Waiting until 2024-11-15 allows the full IDR 43,339,000 to be paid while keeping the IDR 21,398,000 minimum balance intact."
request_44,29573.31,affordable_later,wait,2025-04-15:9.58E+4,,reduce_to:event_4113:2020,"Waiting until None allows the full INR 95,800 to be paid while keeping the INR 82,900 minimum balance intact."
request_45,4464355.73,affordable_later,wait,2026-09-15:2.1983E+7,,reduce_to:event_4189:356250|stop:event_4144,"Waiting until None allows the full IDR 21,983,000 to be paid while keeping the IDR 11,149,800 minimum balance intact."
request_46,4.945E+4,affordable_with_plan,installments,2024-12-03:25714|2024-12-31:25714,2024-12-03,none,"Spread the cost over 2 payments of INR 25,714 starting 2024-12-03, totalling INR 51,428. Each payment clears while holding the INR 84,000 minimum balance."
request_47,5891560.35,not_affordable,not_recommended,none,,none,"Only IDR 5,891,560.35 of the IDR 38,114,000 can be paid without dropping below the IDR 30,049,000 minimum balance, and the full amount is not reachable within the forecast period."
request_48,4.57E+4,affordable_now,full_payment,2026-07-25:4.57E+4,2026-07-25,none,"Pay INR 45,700 today. The balance stays above the INR 71,300 minimum for the whole 90-day forecast."
request_49,12872625.86,affordable_with_plan,installments,2024-03-18:11902106.67|2024-04-18:11902106.67|2024-05-19:11902106.67,2024-05-15,none,"Spread the cost over 3 payments of IDR 11,902,106.67 starting 2024-03-18, totalling IDR 35,706,320.01. Each payment clears while holding the IDR 20,275,700 minimum balance."
request_50,4.39E+4,affordable_now,full_payment,2025-08-06:4.39E+4,2025-08-06,none,"Pay INR 43,900 today. The balance stays above the INR 99,700 minimum for the whole 90-day forecast."
request_51,2.191E+6,affordable_now,full_payment,2026-01-03:2.191E+6,2026-01-03,none,"Pay IDR 2,191,000 today. The balance stays above the IDR 7,811,000 minimum for the whole 90-day forecast."
request_52,23304.11,affordable_later,wait,2024-06-15:2.887E+4,2024-06-15,none,"Waiting until 2024-06-15 allows the full INR 28,870 to be paid while keeping the INR 41,500 minimum balance intact."
request_53,489.70,affordable_with_plan,installments,2025-11-21:589.06|2025-12-19:589.06|2026-01-16:589.06,2026-01-15,none,"Spread the cost over 3 payments of USD 589.06 starting 2025-11-21, totalling USD 1,767.18. Each payment clears while holding the USD 2,100 minimum balance."
request_54,4337.08,not_affordable,not_recommended,none,,none,"Only ZAR 4,337.08 of the ZAR 121,528 can be paid without dropping below the ZAR 37,000 minimum balance, and the full amount is not reachable within the forecast period."
request_55,137630.31,not_affordable,not_recommended,none,,none,"Only INR 137,630.31 of the INR 218,600 can be paid without dropping below the INR 124,300 minimum balance, and the full amount is not reachable within the forecast period."
request_56,629.03,affordable_with_plan,partial_payment,2025-02-03:629.03|2025-02-15:252.53,2025-02-15,none,"Pay USD 629.03 today and the remaining USD 252.53 on 2025-02-15, which keeps the balance above USD 2,100 throughout."
request_57,13134.92,affordable_later,wait,2026-06-15:61446,2026-06-15,none,"Waiting until 2026-06-15 allows the full ZAR 61,446 to be paid while keeping the ZAR 42,700 minimum balance intact."
request_58,1.6226E+7,affordable_now,full_payment,2024-12-07:1.6226E+7,2024-12-07,none,"Pay IDR 16,226,000 today. The balance stays above the IDR 14,433,900 minimum for the whole 90-day forecast."
request_59,1.406E+5,affordable_with_plan,installments,2025-05-07:48741.33|2025-06-04:48741.33|2025-07-02:48741.33,2025-05-04,none,"Spread the cost over 3 payments of INR 48,741.33 starting 2025-05-07, totalling INR 146,223.99. Each payment clears while holding the INR 132,600 minimum balance."
request_60,149.17,affordable_later,wait,2026-01-15:199.89,2026-01-15,none,Waiting until 2026-01-15 allows the full USD 199.89 to be paid while keeping the USD 400 minimum balance intact.
request_61,29062,affordable_with_plan,installments,2024-03-17:10074.83|2024-04-17:10074.83|2024-05-18:10074.83,2024-03-03,none,"Spread the cost over 3 payments of ZAR 10,074.83 starting 2024-03-17, totalling ZAR 30,224.49. Each payment clears while holding the ZAR 36,700 minimum balance."
request_62,167.67,not_affordable,not_recommended,none,,none,"Only USD 167.67 of the USD 404.23 can be paid without dropping below the USD 1,300 minimum balance, and the full amount is not reachable within the forecast period."
request_63,41622.80,not_affordable,not_recommended,none,,none,"Only INR 41,622.8 of the INR 343,900 can be paid without dropping below the INR 153,500 minimum balance, and the full amount is not reachable within the forecast period."
request_64,0,not_affordable,not_recommended,none,,none,"Committed expenses keep the balance at or below the INR 36,100 minimum, so no part of the INR 63,700 can be paid safely."
request_65,6927.85,not_affordable,not_recommended,none,,none,"Only ZAR 6,927.85 of the ZAR 54,340 can be paid without dropping below the ZAR 15,500 minimum balance, and the full amount is not reachable within the forecast period."
request_66,2.22E+4,affordable_now,full_payment,2026-04-03:2.22E+4,2026-04-03,none,"Pay INR 22,200 today. The balance stays above the INR 80,700 minimum for the whole 90-day forecast."
request_67,398.81,affordable_later,wait,2024-11-15:2094,2024-11-15,none,"Waiting until 2024-11-15 allows the full USD 2,094 to be paid while keeping the USD 1,200 minimum balance intact."
request_68,1341.72,affordable_with_plan,installments,2025-02-14:725.09|2025-03-14:725.09|2025-04-11:725.09,2025-03-23,none,"Spread the cost over 3 payments of USD 725.09 starting 2025-02-14, totalling USD 2,175.27. Each payment clears while holding the USD 1,500 minimum balance."
request_69,529.10,affordable_now,full_payment,2026-01-04:529.10,2026-01-04,none,Pay EUR 529.1 today. The balance stays above the EUR 700 minimum for the whole 90-day forecast.
request_70,49828.69,affordable_later,wait,2025-02-15:2.439E+5,2025-02-15,none,"Waiting until 2025-02-15 allows the full INR 243,900 to be paid while keeping the INR 115,000 minimum balance intact."
request_71,0,not_affordable,not_recommended,none,,none,"Committed expenses keep the balance at or below the IDR 8,884,800 minimum, so no part of the IDR 21,451,000 can be paid safely."
request_72,1.133E+4,affordable_now,full_payment,2026-07-05:1.133E+4,2026-07-05,none,"Pay ZAR 11,330 today. The balance stays above the ZAR 12,200 minimum for the whole 90-day forecast."
request_73,7.14E+4,affordable_now,full_payment,2023-01-20:7.14E+4,2023-01-20,none,"Pay INR 71,400 today. The balance stays above the INR 103,200 minimum for the whole 90-day forecast."
request_74,5.01E+3,affordable_now,full_payment,2025-08-04:5.01E+3,2025-08-04,none,"Pay ZAR 5,010 today. The balance stays above the ZAR 21,900 minimum for the whole 90-day forecast."
request_75,15278.35,not_affordable,not_recommended,none,,none,"Only ZAR 15,278.35 of the ZAR 28,270 can be paid without dropping below the ZAR 39,000 minimum balance, and the full amount is not reachable within the forecast period."
request_76,48.90,not_affordable,not_recommended,none,,none,"Only USD 48.9 of the USD 4,455.6 can be paid without dropping below the USD 1,800 minimum balance, and the full amount is not reachable within the forecast period."
request_77,59973.97,not_affordable,not_recommended,none,,none,"Only INR 59,973.97 of the INR 60,700 can be paid without dropping below the INR 82,200 minimum balance, and the full amount is not reachable within the forecast period."
request_78,44385.97,not_affordable,not_recommended,none,,none,"Only INR 44,385.97 of the INR 50,200 can be paid without dropping below the INR 55,200 minimum balance, and the full amount is not reachable within the forecast period."
request_79,631.17,not_affordable,not_recommended,none,,none,"Only EUR 631.17 of the EUR 2,151.6 can be paid without dropping below the EUR 1,000 minimum balance, and the full amount is not reachable within the forecast period."
request_80,12866.10,not_affordable,not_recommended,none,,none,"Only INR 12,866.1 of the INR 217,500 can be paid without dropping below the INR 121,300 minimum balance, and the full amount is not reachable within the forecast period."
request_81,2076,affordable_now,full_payment,2026-07-03:2076,2026-07-03,none,"Pay USD 2,076 today. The balance stays above the USD 1,600 minimum for the whole 90-day forecast."
request_82,347.18,affordable_later,wait,2025-02-15:1405.20,2025-02-15,none,"Waiting until 2025-02-15 allows the full USD 1,405.2 to be paid while keeping the USD 1,100 minimum balance intact."
request_83,11383.78,not_affordable,not_recommended,none,,none,"Only INR 11,383.78 of the INR 156,200 can be paid without dropping below the INR 37,800 minimum balance, and the full amount is not reachable within the forecast period."
request_84,30026.84,affordable_later,wait,2026-06-15:9.54E+4,2026-06-15,none,"Waiting until 2026-06-15 allows the full INR 95,400 to be paid while keeping the INR 91,300 minimum balance intact."
request_85,808440.28,not_affordable,not_recommended,none,,none,"Only IDR 808,440.28 of the IDR 19,304,000 can be paid without dropping below the IDR 6,396,300 minimum balance, and the full amount is not reachable within the forecast period."
request_86,4.63E+4,affordable_now,full_payment,2025-08-03:4.63E+4,2025-08-03,none,"Pay INR 46,300 today. The balance stays above the INR 84,900 minimum for the whole 90-day forecast."
request_87,7632.54,not_affordable,not_recommended,none,,none,"Only INR 7,632.54 of the INR 487,900 can be paid without dropping below the INR 185,900 minimum balance, and the full amount is not reachable within the forecast period."
request_88,10734,affordable_with_plan,installments,2024-06-14:9045.23|2024-07-15:9045.23|2024-08-15:9045.23,2024-06-15,none,"Spread the cost over 3 payments of ZAR 9,045.23 starting 2024-06-14, totalling ZAR 27,135.69. Each payment clears while holding the ZAR 25,800 minimum balance."
request_89,9248648.53,not_affordable,not_recommended,none,,none,"Only IDR 9,248,648.53 of the IDR 13,756,000 can be paid without dropping below the IDR 12,534,700 minimum balance, and the full amount is not reachable within the forecast period."
request_90,2.56E+3,affordable_now,full_payment,2026-07-06:2.56E+3,2026-07-06,none,"Pay ZAR 2,560 today. The balance stays above the ZAR 7,600 minimum for the whole 90-day forecast."
request_91,575.73,affordable_later,wait,2024-11-15:1927.20,2024-11-15,none,"Waiting until 2024-11-15 allows the full EUR 1,927.2 to be paid while keeping the EUR 2,100 minimum balance intact."
request_92,34034,affordable_now,full_payment,2025-02-05:34034,2025-02-05,none,"Pay ZAR 34,034 today. The balance stays above the ZAR 28,100 minimum for the whole 90-day forecast."
request_93,1729.20,affordable_now,full_payment,2026-04-07:1729.20,2026-04-07,none,"Pay USD 1,729.2 today. The balance stays above the USD 1,900 minimum for the whole 90-day forecast."
request_94,572,affordable_now,full_payment,2024-12-04:572,2024-12-04,none,Pay EUR 572 today. The balance stays above the EUR 600 minimum for the whole 90-day forecast.
request_95,13489.29,not_affordable,not_recommended,none,,none,"Only INR 13,489.29 of the INR 553,000 can be paid without dropping below the INR 145,500 minimum balance, and the full amount is not reachable within the forecast period."
request_96,74184.55,affordable_with_plan,installments,2026-01-10:31269.33|2026-02-09:31269.33|2026-03-11:31269.33,2026-02-15,none,"Spread the cost over 3 payments of INR 31,269.33 starting 2026-01-10, totalling INR 93,807.99. Each payment clears while holding the INR 56,500 minimum balance."
request_97,1423.55,affordable_with_plan,installments,2024-03-19:8145.28|2024-04-19:8145.28|2024-05-20:8145.28,2024-04-15,none,"Spread the cost over 3 payments of ZAR 8,145.28 starting 2024-03-19, totalling ZAR 24,435.84. Each payment clears while holding the ZAR 29,700 minimum balance."
request_98,9544.90,affordable_later,wait,2025-10-15:27148,2025-10-15,none,"Waiting until 2025-10-15 allows the full ZAR 27,148 to be paid while keeping the ZAR 30,000 minimum balance intact."
request_99,13986.85,not_affordable,not_recommended,none,,none,"Only ZAR 13,986.85 of the ZAR 18,062 can be paid without dropping below the ZAR 49,100 minimum balance, and the full amount is not reachable within the forecast period."
request_100,26008.76,affordable_with_plan,installments,2024-06-13:12866.19|2024-07-14:12866.19|2024-08-14:12866.19,2024-07-15,none,"Spread the cost over 3 payments of ZAR 12,866.19 starting 2024-06-13, totalling ZAR 38,598.57. Each payment clears while holding the ZAR 32,500 minimum balance."
request_101,1.435E+5,affordable_now,full_payment,2025-11-03:1.435E+5,2025-11-03,none,"Pay INR 143,500 today. The balance stays above the INR 187,400 minimum for the whole 90-day forecast."
request_102,1716,affordable_with_plan,installments,2026-04-05:594.88|2026-05-05:594.88|2026-06-04:594.88,2026-04-05,none,"Spread the cost over 3 payments of EUR 594.88 starting 2026-04-05, totalling EUR 1,784.64. Each payment clears while holding the EUR 900 minimum balance."
request_103,9726.48,not_affordable,not_recommended,none,,none,"Only INR 9,726.48 of the INR 368,300 can be paid without dropping below the INR 125,500 minimum balance, and the full amount is not reachable within the forecast period."
request_104,8054.10,not_affordable,not_recommended,none,,none,"Only ZAR 8,054.1 of the ZAR 17,204 can be paid without dropping below the ZAR 24,700 minimum balance, and the full amount is not reachable within the forecast period."
request_105,5.35E+4,affordable_now,full_payment,2026-06-08:5.35E+4,2026-06-08,none,"Pay INR 53,500 today. The balance stays above the INR 73,900 minimum for the whole 90-day forecast."
request_106,982.84,affordable_later,wait,2025-01-15:2207.70,2025-01-15,none,"Waiting until 2025-01-15 allows the full EUR 2,207.7 to be paid while keeping the EUR 1,200 minimum balance intact."
request_107,0,not_affordable,not_recommended,none,,none,"Committed expenses keep the balance at or below the EUR 1,600 minimum, so no part of the EUR 2,534.4 can be paid safely."
request_108,1959.18,not_affordable,not_recommended,none,,none,"Only ZAR 1,959.18 of the ZAR 55,308 can be paid without dropping below the ZAR 24,100 minimum balance, and the full amount is not reachable within the forecast period."
request_109,601.48,not_affordable,not_recommended,none,,none,"Only EUR 601.48 of the EUR 1,863.4 can be paid without dropping below the EUR 1,700 minimum balance, and the full amount is not reachable within the forecast period."
request_110,22352,affordable_with_plan,installments,2025-08-06:7748.69|2025-09-03:7748.69|2025-10-01:7748.69,2025-08-06,none,"Spread the cost over 3 payments of ZAR 7,748.69 starting 2025-08-06, totalling ZAR 23,246.07. Each payment clears while holding the ZAR 11,200 minimum balance."
request_111,1.6625E+7,affordable_now,full_payment,2026-04-03:1.6625E+7,2026-04-03,none,"Pay IDR 16,625,000 today. The balance stays above the IDR 23,022,800 minimum for the whole 90-day forecast."
request_112,271.70,affordable_now,full_payment,2024-06-05:271.70,2024-06-05,none,Pay EUR 271.7 today. The balance stays above the EUR 500 minimum for the whole 90-day forecast.
request_113,26196.70,affordable_later,wait,2026-09-15:3.65E+4,2026-09-15,none,"Waiting until 2026-09-15 allows the full INR 36,500 to be paid while keeping the INR 82,300 minimum balance intact."
request_114,50297.36,not_affordable,not_recommended,none,,none,"Only INR 50,297.36 of the INR 65,300 can be paid without dropping below the INR 113,400 minimum balance, and the full amount is not reachable within the forecast period."
request_115,14906.54,affordable_later,wait,2024-11-15:8.05E+4,2024-11-15,none,"Waiting until 2024-11-15 allows the full INR 80,500 to be paid while keeping the INR 38,800 minimum balance intact."
request_116,6707.39,not_affordable,not_recommended,none,,none,"Only INR 6,707.39 of the INR 241,200 can be paid without dropping below the INR 80,300 minimum balance, and the full amount is not reachable within the forecast period."
request_117,866.55,affordable_with_plan,full_payment,2026-07-05:8.8E+2,2026-07-15,reduce_to:event_10878:20.5|stop:event_10833,"Pay EUR 880 today. The balance stays above the EUR 1,000 minimum for the whole 90-day forecast."
request_118,712.98,affordable_with_plan,installments,2024-12-07:255.87|2025-01-07:255.87|2025-02-07:255.87,2024-12-15,none,"Spread the cost over 3 payments of EUR 255.87 starting 2024-12-07, totalling EUR 767.61. Each payment clears while holding the EUR 600 minimum balance."
request_119,52443.70,not_affordable,not_recommended,none,,none,"Only INR 52,443.7 of the INR 203,500 can be paid without dropping below the INR 151,200 minimum balance, and the full amount is not reachable within the forecast period."
request_120,7.714E+6,affordable_now,full_payment,2026-04-06:7.714E+6,2026-04-06,none,"Pay IDR 7,714,000 today. The balance stays above the IDR 20,050,300 minimum for the whole 90-day forecast."
request_121,633.60,affordable_now,full_payment,2024-03-03:633.60,2024-03-03,none,Pay USD 633.6 today. The balance stays above the USD 800 minimum for the whole 90-day forecast.
request_122,2.0558E+7,affordable_with_plan,installments,2025-08-05:7126773.33|2025-09-02:7126773.33|2025-09-30:7126773.33,2025-08-05,none,"Spread the cost over 3 payments of IDR 7,126,773.33 starting 2025-08-05, totalling IDR 21,380,319.99. Each payment clears while holding the IDR 12,588,500 minimum balance."
request_123,0,not_affordable,not_recommended,none,,none,"Committed expenses keep the balance at or below the IDR 18,091,200 minimum, so no part of the IDR 4,076,000 can be paid safely."
request_124,1402.47,affordable_with_plan,installments,2024-06-11:1076.12|2024-07-12:1076.12|2024-08-12:1076.12,2024-07-15,none,"Spread the cost over 3 payments of EUR 1,076.12 starting 2024-06-11, totalling EUR 3,228.36. Each payment clears while holding the EUR 1,600 minimum balance."
request_125,6468,affordable_now,full_payment,2025-11-06:6468,2025-11-06,none,"Pay ZAR 6,468 today. The balance stays above the ZAR 11,300 minimum for the whole 90-day forecast."
request_126,1.596E+5,affordable_now,full_payment,2026-07-03:1.596E+5,2026-07-03,none,"Pay INR 159,600 today. The balance stays above the INR 129,700 minimum for the whole 90-day forecast."
request_127,8513.52,affordable_later,wait,2024-10-15:2.398E+4,2024-11-15,reduce_to:event_11772:773.3|stop:event_11706|stop:event_11707,"Waiting until 2024-11-15 allows the full ZAR 23,980 to be paid while keeping the ZAR 41,000 minimum balance intact."
request_128,25168,affordable_now,full_payment,2025-02-07:25168,2025-02-07,none,"Pay ZAR 25,168 today. The balance stays above the ZAR 42,600 minimum for the whole 90-day forecast."
request_129,120.67,not_affordable,not_recommended,none,,none,"Only USD 120.67 of the USD 2,668.8 can be paid without dropping below the USD 800 minimum balance, and the full amount is not reachable within the forecast period."
request_130,442.54,affordable_later,wait,2025-02-15:1978.80,2025-02-15,none,"Waiting until 2025-02-15 allows the full USD 1,978.8 to be paid while keeping the USD 1,400 minimum balance intact."
request_131,1178.49,not_affordable,not_recommended,none,,none,"Only USD 1,178.49 of the USD 1,855.2 can be paid without dropping below the USD 1,100 minimum balance, and the full amount is not reachable within the forecast period."
request_132,344.97,affordable_later,wait,2026-01-15:379.86,2026-01-15,none,"Waiting until 2026-01-15 allows the full USD 379.86 to be paid while keeping the USD 1,100 minimum balance intact."
request_133,1.577E+7,not_affordable,not_recommended,none,,none,"Only IDR 15,770,000 of the IDR 15,770,000 can be paid without dropping below the IDR 9,986,200 minimum balance, and the full amount is not reachable within the forecast period."
request_134,4805816.64,affordable_later,wait,2025-10-15:2.1831E+7,2025-10-15,none,"Waiting until 2025-10-15 allows the full IDR 21,831,000 to be paid while keeping the IDR 15,902,500 minimum balance intact."
request_135,274.79,affordable_with_plan,full_payment,2026-07-06:304.80,2026-07-15,reduce_to:event_12458:17.5|stop:event_12413,Pay USD 304.8 today. The balance stays above the USD 500 minimum for the whole 90-day forecast.
request_136,543.34,affordable_with_plan,full_payment,2024-06-03:560.40,2024-06-15,reduce_to:event_12498:27.2,"Pay USD 560.4 today. The balance stays above the USD 1,100 minimum for the whole 90-day forecast."
request_137,25201.95,affordable_later,wait,2026-01-15:8.01E+4,2026-01-15,none,"Waiting until 2026-01-15 allows the full INR 80,100 to be paid while keeping the INR 71,800 minimum balance intact."
request_138,1129.72,affordable_with_plan,partial_payment,2026-04-07:1129.72|2026-04-15:127.22,2026-04-15,none,"Pay EUR 1,129.72 today and the remaining EUR 127.22 on 2026-04-15, which keeps the balance above EUR 2,300 throughout."
request_139,1919.76,affordable_with_plan,installments,2024-09-07:802.88|2024-10-08:802.88|2024-11-08:802.88,2024-09-15,none,"Spread the cost over 3 payments of USD 802.88 starting 2024-09-07, totalling USD 2,408.64. Each payment clears while holding the USD 1,500 minimum balance."
request_140,1273.30,not_affordable,not_recommended,none,,none,"Only ZAR 1,273.3 of the ZAR 62,832 can be paid without dropping below the ZAR 21,600 minimum balance, and the full amount is not reachable within the forecast period."
request_141,24955.42,not_affordable,not_recommended,none,,none,"Only INR 24,955.42 of the INR 171,600 can be paid without dropping below the INR 67,300 minimum balance, and the full amount is not reachable within the forecast period."
request_142,1263.60,affordable_now,full_payment,2024-12-05:1263.60,2024-12-05,none,"Pay USD 1,263.6 today. The balance stays above the USD 1,700 minimum for the whole 90-day forecast."
request_143,3023.05,affordable_later,wait,2025-07-15:12584,2025-07-15,none,"Waiting until 2025-07-15 allows the full ZAR 12,584 to be paid while keeping the ZAR 11,300 minimum balance intact."
request_144,222.35,affordable_with_plan,full_payment,2026-07-04:233.34,2026-08-15,reduce_to:event_13306:17.5|stop:event_13240|stop:event_13239,Pay USD 233.34 today. The balance stays above the USD 600 minimum for the whole 90-day forecast.
request_145,46248.49,affordable_with_plan,installments,2024-03-20:75365.33|2024-04-20:75365.33|2024-05-21:75365.33,2024-05-15,none,"Spread the cost over 3 payments of INR 75,365.33 starting 2024-03-20, totalling INR 226,095.99. Each payment clears while holding the INR 155,400 minimum balance."
request_146,8714.72,not_affordable,not_recommended,none,,none,"Only INR 8,714.72 of the INR 449,400 can be paid without dropping below the INR 108,600 minimum balance, and the full amount is not reachable within the forecast period."
request_147,387.89,not_affordable,not_recommended,none,,none,"Only EUR 387.89 of the EUR 1,129.7 can be paid without dropping below the EUR 900 minimum balance, and the full amount is not reachable within the forecast period."
request_148,7058.61,not_affordable,not_recommended,none,,none,"Only ZAR 7,058.61 of the ZAR 22,242 can be paid without dropping below the ZAR 20,000 minimum balance, and the full amount is not reachable within the forecast period."
request_149,24966.26,affordable_with_plan,installments,2025-11-18:12706.03|2025-12-16:12706.03|2026-01-13:12706.03,2025-12-15,none,"Spread the cost over 3 payments of ZAR 12,706.03 starting 2025-11-18, totalling ZAR 38,118.09. Each payment clears while holding the ZAR 42,100 minimum balance."
request_150,232.65,not_affordable,not_recommended,none,,none,"Only EUR 232.65 of the EUR 496.1 can be paid without dropping below the EUR 700 minimum balance, and the full amount is not reachable within the forecast period."
request_151,2.6999E+7,affordable_now,full_payment,2024-09-03:2.6999E+7,2024-09-03,none,"Pay IDR 26,999,000 today. The balance stays above the IDR 31,633,600 minimum for the whole 90-day forecast."
request_152,11840.33,not_affordable,not_recommended,none,,none,"Only ZAR 11,840.33 of the ZAR 13,882 can be paid without dropping below the ZAR 11,900 minimum balance, and the full amount is not reachable within the forecast period."
request_153,75.84,not_affordable,not_recommended,none,,none,"Only USD 75.84 of the USD 2,830.8 can be paid without dropping below the USD 1,400 minimum balance, and the full amount is not reachable within the forecast period."
request_154,1625.80,affordable_with_plan,installments,2024-12-04:563.61|2025-01-04:563.61|2025-02-04:563.61,2024-12-04,none,"Spread the cost over 3 payments of EUR 563.61 starting 2024-12-04, totalling EUR 1,690.83. Each payment clears while holding the EUR 1,300 minimum balance."
request_155,1.125E+5,affordable_now,full_payment,2025-05-06:1.125E+5,2025-05-06,none,"Pay INR 112,500 today. The balance stays above the INR 56,300 minimum for the whole 90-day forecast."
request_156,11208.96,affordable_later,wait,2026-06-15:43076,2026-06-15,none,"Waiting until 2026-06-15 allows the full ZAR 43,076 to be paid while keeping the ZAR 26,900 minimum balance intact."
request_157,4990786.35,affordable_later,wait,2024-05-15:2.3503E+7,2024-05-15,none,"Waiting until 2024-05-15 allows the full IDR 23,503,000 to be paid while keeping the IDR 15,714,100 minimum balance intact."
request_158,239698.12,not_affordable,not_recommended,none,,none,"Only INR 239,698.12 of the INR 242,600 can be paid without dropping below the INR 131,400 minimum balance, and the full amount is not reachable within the forecast period."
request_159,0,not_affordable,not_recommended,none,,none,"Committed expenses keep the balance at or below the ZAR 8,700 minimum, so no part of the ZAR 13,398 can be paid safely."
request_160,574.47,affordable_with_plan,installments,2024-06-13:432.05|2024-07-14:432.05|2024-08-14:432.05,2024-06-15,none,"Spread the cost over 3 payments of EUR 432.05 starting 2024-06-13, totalling EUR 1,296.15. Each payment clears while holding the EUR 1,200 minimum balance."
request_161,0,not_affordable,not_recommended,none,,none,"Committed expenses keep the balance at or below the IDR 23,010,400 minimum, so no part of the IDR 21,204,000 can be paid safely."
request_162,498278.94,not_affordable,not_recommended,none,,none,"Only IDR 498,278.94 of the IDR 83,923,000 can be paid without dropping below the IDR 24,161,100 minimum balance, and the full amount is not reachable within the forecast period."
request_163,9501186.46,not_affordable,not_recommended,none,,none,"Only IDR 9,501,186.46 of the IDR 19,304,000 can be paid without dropping below the IDR 26,728,700 minimum balance, and the full amount is not reachable within the forecast period."
request_164,2.7018E+7,affordable_with_plan,installments,2025-02-11:9.36624E+6|2025-03-11:9.36624E+6|2025-04-08:9.36624E+6,2025-02-04,none,"Spread the cost over 3 payments of IDR 9,366,240 starting 2025-02-11, totalling IDR 28,098,720. Each payment clears while holding the IDR 29,550,500 minimum balance."
request_165,80559.19,affordable_with_plan,full_payment,2026-04-06:8.06E+4,,stop:event_15135|reduce_to:event_15136:1048|stop:event_15134,"Pay INR 80,600 today. The balance stays above the INR 95,000 minimum for the whole 90-day forecast."
request_166,2907.60,affordable_with_plan,installments,2024-12-03:1007.97|2025-01-03:1007.97|2025-02-03:1007.97,2024-12-03,none,"Spread the cost over 3 payments of USD 1,007.97 starting 2024-12-03, totalling USD 3,023.91. Each payment clears while holding the USD 1,700 minimum balance."
request_167,43802,affordable_now,full_payment,2025-05-05:43802,2025-05-05,none,"Pay ZAR 43,802 today. The balance stays above the ZAR 31,200 minimum for the whole 90-day forecast."
request_168,31066.71,affordable_with_plan,partial_payment,2026-01-07:31066.71|2026-01-15:18313.29,2026-01-15,none,"Pay INR 31,066.71 today and the remaining INR 18,313.29 on 2026-01-15, which keeps the balance above INR 114,400 throughout."
request_169,41976,affordable_now,full_payment,2024-03-04:41976,2024-03-04,none,"Pay ZAR 41,976 today. The balance stays above the ZAR 18,700 minimum for the whole 90-day forecast."
request_170,30598103.83,affordable_with_plan,installments,2025-08-06:1.280448E+7|2025-09-03:1.280448E+7|2025-10-01:1.280448E+7,2025-09-15,none,"Spread the cost over 3 payments of IDR 12,804,480 starting 2025-08-06, totalling IDR 38,413,440. Each payment clears while holding the IDR 24,715,800 minimum balance."
request_171,1.89,not_affordable,not_recommended,none,,none,"Only EUR 1.89 of the EUR 1,878.8 can be paid without dropping below the EUR 500 minimum balance, and the full amount is not reachable within the forecast period."
request_172,1.02E+4,affordable_with_plan,installments,2024-06-05:5304|2024-07-03:5304,2024-06-05,none,"Spread the cost over 2 payments of ZAR 5,304 starting 2024-06-05, totalling ZAR 10,608. Each payment clears while holding the ZAR 27,200 minimum balance."
request_173,63634.09,affordable_with_plan,installments,2025-11-21:39173.33|2025-12-19:39173.33|2026-01-16:39173.33,2026-01-15,none,"Spread the cost over 3 payments of INR 39,173.33 starting 2025-11-21, totalling INR 117,519.99. Each payment clears while holding the INR 79,100 minimum balance."
request_174,1146.20,not_affordable,not_recommended,none,,none,"Only EUR 1,146.2 of the EUR 1,146.2 can be paid without dropping below the EUR 700 minimum balance, and the full amount is not reachable within the forecast period."
request_175,2346.30,affordable_now,full_payment,2024-09-06:2346.30,2024-09-06,none,"Pay EUR 2,346.3 today. The balance stays above the EUR 1,700 minimum for the whole 90-day forecast."
request_176,0,not_affordable,not_recommended,none,,none,"Committed expenses keep the balance at or below the EUR 600 minimum, so no part of the EUR 1,239.7 can be paid safely."
request_177,1017.60,affordable_now,full_payment,2026-01-05:1017.60,2026-01-05,none,"Pay USD 1,017.6 today. The balance stays above the USD 1,300 minimum for the whole 90-day forecast."
request_178,2938.10,affordable_with_plan,installments,2024-12-07:1018.54|2025-01-07:1018.54|2025-02-07:1018.54,2024-12-07,none,"Spread the cost over 3 payments of EUR 1,018.54 starting 2024-12-07, totalling EUR 3,055.62. Each payment clears while holding the EUR 1,400 minimum balance."
request_179,21833941.63,affordable_later,wait,2025-07-15:4.1648E+7,2025-07-15,none,"Waiting until 2025-07-15 allows the full IDR 41,648,000 to be paid while keeping the IDR 41,430,800 minimum balance intact."
request_180,6.65E+4,affordable_now,full_payment,2026-07-06:6.65E+4,2026-07-06,none,"Pay INR 66,500 today. The balance stays above the INR 37,300 minimum for the whole 90-day forecast."
request_181,420.35,not_affordable,not_recommended,none,,none,"Only USD 420.35 of the USD 5,059.2 can be paid without dropping below the USD 2,000 minimum balance, and the full amount is not reachable within the forecast period."
request_182,65714,affordable_now,full_payment,2025-08-05:65714,2025-08-05,none,"Pay ZAR 65,714 today. The balance stays above the ZAR 31,100 minimum for the whole 90-day forecast."
request_183,23511551.40,not_affordable,not_recommended,none,,none,"Only IDR 23,511,551.4 of the IDR 26,866,000 can be paid without dropping below the IDR 11,878,300 minimum balance, and the full amount is not reachable within the forecast period."
request_184,10168.01,not_affordable,not_recommended,none,,none,"Only INR 10,168.01 of the INR 251,900 can be paid without dropping below the INR 110,800 minimum balance, and the full amount is not reachable within the forecast period."
request_185,408.40,affordable_later,wait,2026-01-15:1257.30,2026-01-15,none,"Waiting until 2026-01-15 allows the full EUR 1,257.3 to be paid while keeping the EUR 1,300 minimum balance intact."
request_186,10464.81,affordable_later,wait,2026-03-15:26554,2026-03-15,none,"Waiting until 2026-03-15 allows the full ZAR 26,554 to be paid while keeping the ZAR 22,000 minimum balance intact."
request_187,37718.15,affordable_later,wait,2024-11-15:1.875E+5,2024-11-15,none,"Waiting until 2024-11-15 allows the full INR 187,500 to be paid while keeping the INR 128,300 minimum balance intact."
request_188,156.72,not_affordable,not_recommended,none,,none,"Only EUR 156.72 of the EUR 2,464 can be paid without dropping below the EUR 900 minimum balance, and the full amount is not reachable within the forecast period."
request_189,488.40,affordable_now,full_payment,2026-07-04:488.40,2026-07-04,none,Pay EUR 488.4 today. The balance stays above the EUR 400 minimum for the whole 90-day forecast.
request_190,601.29,affordable_later,wait,2025-02-15:2557.50,2025-02-15,none,"Waiting until 2025-02-15 allows the full EUR 2,557.5 to be paid while keeping the EUR 1,600 minimum balance intact."
request_191,664.40,affordable_now,full_payment,2025-05-03:664.40,2025-05-03,none,Pay EUR 664.4 today. The balance stays above the EUR 500 minimum for the whole 90-day forecast.
request_192,248.77,not_affordable,not_recommended,none,,none,"Only USD 248.77 of the USD 2,046 can be paid without dropping below the USD 1,000 minimum balance, and the full amount is not reachable within the forecast period."
request_193,22.76,affordable_with_plan,installments,2024-03-21:420.23|2024-04-21:420.23|2024-05-22:420.23,2024-05-15,none,"Spread the cost over 3 payments of EUR 420.23 starting 2024-03-21, totalling EUR 1,260.69. Each payment clears while holding the EUR 1,000 minimum balance."
request_194,33809.90,affordable_later,wait,2025-10-23:1.328E+5,2025-10-23,none,"Waiting until 2025-10-23 allows the full INR 132,800 to be paid while keeping the INR 113,600 minimum balance intact."
request_195,992.02,not_affordable,not_recommended,none,,none,"Only EUR 992.02 of the EUR 1,170.4 can be paid without dropping below the EUR 700 minimum balance, and the full amount is not reachable within the forecast period."
request_196,762.30,affordable_now,full_payment,2024-06-03:762.30,2024-06-03,none,Pay EUR 762.3 today. The balance stays above the EUR 500 minimum for the whole 90-day forecast.
request_197,0,not_affordable,not_recommended,none,,none,"Committed expenses keep the balance at or below the IDR 26,245,900 minimum, so no part of the IDR 50,939,000 can be paid safely."
request_198,1.858E+5,affordable_now,full_payment,2026-07-07:1.858E+5,2026-07-07,none,"Pay INR 185,800 today. The balance stays above the INR 124,300 minimum for the whole 90-day forecast."
request_199,2.3674E+7,affordable_with_plan,installments,2024-09-07:8206986.67|2024-10-08:8206986.67|2024-11-08:8206986.67,2024-09-04,none,"Spread the cost over 3 payments of IDR 8,206,986.67 starting 2024-09-07, totalling IDR 24,620,960.01. Each payment clears while holding the IDR 25,359,500 minimum balance."
request_200,2.1717E+7,affordable_now,full_payment,2025-02-06:2.1717E+7,2025-02-06,none,"Pay IDR 21,717,000 today. The balance stays above the IDR 20,114,600 minimum for the whole 90-day forecast."
request_201,2.3997E+7,affordable_now,full_payment,2026-04-03:2.3997E+7,2026-04-03,none,"Pay IDR 23,997,000 today. The balance stays above the IDR 17,304,500 minimum for the whole 90-day forecast."
request_202,1.239E+5,affordable_now,full_payment,2024-12-05:1.239E+5,2024-12-05,none,"Pay INR 123,900 today. The balance stays above the INR 147,800 minimum for the whole 90-day forecast."
request_203,1159.69,not_affordable,not_recommended,none,,none,"Only EUR 1,159.69 of the EUR 1,442.1 can be paid without dropping below the EUR 1,400 minimum balance, and the full amount is not reachable within the forecast period."
request_204,578.10,affordable_later,wait,2026-01-15:588.74,2026-01-15,none,"Waiting until 2026-01-15 allows the full EUR 588.74 to be paid while keeping the EUR 1,300 minimum balance intact."
request_205,1.0621E+7,affordable_now,full_payment,2024-03-06:1.0621E+7,2024-03-06,none,"Pay IDR 10,621,000 today. The balance stays above the IDR 13,994,300 minimum for the whole 90-day forecast."
request_206,1404.70,affordable_with_plan,installments,2025-08-03:486.96|2025-08-31:486.96|2025-09-28:486.96,2025-08-03,none,"Spread the cost over 3 payments of EUR 486.96 starting 2025-08-03, totalling EUR 1,460.88. Each payment clears while holding the EUR 900 minimum balance."
request_207,6136.49,affordable_later,wait,2026-07-15:1.183E+4,2026-07-15,none,"Waiting until 2026-07-15 allows the full ZAR 11,830 to be paid while keeping the ZAR 13,600 minimum balance intact."
request_208,3059490.22,affordable_later,wait,2024-06-15:4.413E+6,2024-06-15,none,"Waiting until 2024-06-15 allows the full IDR 4,413,000 to be paid while keeping the IDR 10,470,700 minimum balance intact."
request_209,1687.64,not_affordable,not_recommended,none,,none,"Only ZAR 1,687.64 of the ZAR 56,914 can be paid without dropping below the ZAR 18,400 minimum balance, and the full amount is not reachable within the forecast period."
request_210,1001.60,affordable_with_plan,partial_payment,2026-04-06:1001.60|2026-04-15:358.42,2026-04-15,none,"Pay USD 1,001.6 today and the remaining USD 358.42 on 2026-04-15, which keeps the balance above USD 2,000 throughout."
request_211,357.03,affordable_later,wait,2024-11-15:1788.60,2024-11-15,none,"Waiting until 2024-11-15 allows the full EUR 1,788.6 to be paid while keeping the EUR 1,500 minimum balance intact."
request_212,6144043.07,not_affordable,not_recommended,none,,none,"Only IDR 6,144,043.07 of the IDR 71,934,000 can be paid without dropping below the IDR 29,579,800 minimum balance, and the full amount is not reachable within the forecast period."
request_213,3362.40,affordable_with_plan,installments,2026-01-21:1165.63|2026-02-20:1165.63|2026-03-22:1165.63,2026-01-07,none,"Spread the cost over 3 payments of USD 1,165.63 starting 2026-01-21, totalling USD 3,496.89. Each payment clears while holding the USD 2,100 minimum balance."
request_214,41606.04,affordable_with_plan,partial_payment,2024-12-04:41606.04|2024-12-15:28143.96,2024-12-15,none,"Pay INR 41,606.04 today and the remaining INR 28,143.96 on 2024-12-15, which keeps the balance above INR 174,900 throughout."
request_215,28931.89,not_affordable,not_recommended,none,,none,"Only ZAR 28,931.89 of the ZAR 29,986 can be paid without dropping below the ZAR 15,700 minimum balance, and the full amount is not reachable within the forecast period."
request_216,483.86,affordable_later,wait,2026-09-15:3332.40,,reduce_to:event_19943:44|stop:event_19898,"Waiting until None allows the full USD 3,332.4 to be paid while keeping the USD 1,800 minimum balance intact."
request_217,19879.35,affordable_with_plan,installments,2024-03-19:12889.07|2024-04-19:12889.07|2024-05-20:12889.07,2024-05-15,none,"Spread the cost over 3 payments of ZAR 12,889.07 starting 2024-03-19, totalling ZAR 38,667.21. Each payment clears while holding the ZAR 26,800 minimum balance."
request_218,27185842.15,affordable_with_plan,installments,2025-08-07:21195893.33|2025-09-04:21195893.33|2025-10-02:21195893.33,2025-09-15,none,"Spread the cost over 3 payments of IDR 21,195,893.33 starting 2025-08-07, totalling IDR 63,587,679.99. Each payment clears while holding the IDR 34,477,200 minimum balance."
request_219,1253.49,affordable_with_plan,installments,2026-04-07:580.01|2026-05-07:580.01|2026-06-06:580.01,2026-04-15,none,"Spread the cost over 3 payments of EUR 580.01 starting 2026-04-07, totalling EUR 1,740.03. Each payment clears while holding the EUR 1,100 minimum balance."
request_220,52.10,not_affordable,not_recommended,none,,none,"Only EUR 52.1 of the EUR 3,118.5 can be paid without dropping below the EUR 1,100 minimum balance, and the full amount is not reachable within the forecast period."
request_221,1.098E+5,affordable_now,full_payment,2025-11-03:1.098E+5,2025-11-03,none,"Pay INR 109,800 today. The balance stays above the INR 81,500 minimum for the whole 90-day forecast."
request_222,32584.85,affordable_with_plan,full_payment,2026-01-05:34078,,stop:event_20414,"Pay ZAR 34,078 today. The balance stays above the ZAR 27,300 minimum for the whole 90-day forecast."
request_223,898.70,affordable_now,full_payment,2024-09-07:898.70,2024-09-07,none,Pay EUR 898.7 today. The balance stays above the EUR 800 minimum for the whole 90-day forecast.
request_224,9604944.66,affordable_with_plan,partial_payment,2025-02-04:9604944.66|2025-02-15:722055.34,2025-02-15,none,"Pay IDR 9,604,944.66 today and the remaining IDR 722,055.34 on 2025-02-15, which keeps the balance above IDR 22,187,600 throughout."
request_225,10904261.08,affordable_with_plan,installments,2026-07-20:7.64712E+6|2026-08-19:7.64712E+6|2026-09-18:7.64712E+6,2026-09-15,none,"Spread the cost over 3 payments of IDR 7,647,120 starting 2026-07-20, totalling IDR 22,941,360. Each payment clears while holding the IDR 17,670,700 minimum balance."
request_226,1.57E+5,affordable_now,full_payment,2024-12-03:1.57E+5,2024-12-03,none,"Pay INR 157,000 today. The balance stays above the INR 209,400 minimum for the whole 90-day forecast."
request_227,12871.58,not_affordable,not_recommended,none,,none,"Only INR 12,871.58 of the INR 259,700 can be paid without dropping below the INR 62,900 minimum balance, and the full amount is not reachable within the forecast period."
request_228,4062456.32,not_affordable,not_recommended,none,,none,"Only IDR 4,062,456.32 of the IDR 63,327,000 can be paid without dropping below the IDR 26,191,200 minimum balance, and the full amount is not reachable within the forecast period."
request_229,513.31,affordable_with_plan,installments,2024-03-18:529.29|2024-04-18:529.29|2024-05-19:529.29,2024-05-15,none,"Spread the cost over 3 payments of EUR 529.29 starting 2024-03-18, totalling EUR 1,587.87. Each payment clears while holding the EUR 1,000 minimum balance."
request_230,3537.60,affordable_now,full_payment,2025-08-06:3537.60,2025-08-06,none,"Pay EUR 3,537.6 today. The balance stays above the EUR 2,000 minimum for the whole 90-day forecast."
request_231,30772.78,not_affordable,not_recommended,none,,none,"Only ZAR 30,772.78 of the ZAR 35,706 can be paid without dropping below the ZAR 24,300 minimum balance, and the full amount is not reachable within the forecast period."
request_232,695.70,affordable_later,wait,2024-08-15:1970.10,,reduce_to:event_21408:50|stop:event_21341,"Waiting until None allows the full EUR 1,970.1 to be paid while keeping the EUR 2,400 minimum balance intact."
request_233,0,not_affordable,not_recommended,none,,none,"Committed expenses keep the balance at or below the IDR 10,365,700 minimum, so no part of the IDR 6,241,000 can be paid safely."
request_234,279.75,affordable_later,wait,2026-09-15:1213.30,2026-09-15,none,"Waiting until 2026-09-15 allows the full EUR 1,213.3 to be paid while keeping the EUR 700 minimum balance intact."
request_235,967.20,affordable_now,full_payment,2024-09-06:967.20,2024-09-06,none,Pay USD 967.2 today. The balance stays above the USD 700 minimum for the whole 90-day forecast.
request_236,5999077.82,not_affordable,not_recommended,none,,none,"Only IDR 5,999,077.82 of the IDR 52,383,000 can be paid without dropping below the IDR 16,768,600 minimum balance, and the full amount is not reachable within the forecast period."
request_237,2.3826E+7,affordable_now,full_payment,2026-04-05:2.3826E+7,2026-04-05,none,"Pay IDR 23,826,000 today. The balance stays above the IDR 22,431,500 minimum for the whole 90-day forecast."
request_238,663.60,affordable_with_plan,installments,2024-12-07:230.05|2025-01-07:230.05|2025-02-07:230.05,2024-12-07,none,"Spread the cost over 3 payments of USD 230.05 starting 2024-12-07, totalling USD 690.15. Each payment clears while holding the USD 700 minimum balance."
request_239,642,affordable_now,full_payment,2025-05-04:642,2025-05-04,none,Pay USD 642 today. The balance stays above the USD 600 minimum for the whole 90-day forecast.
request_240,14123.82,not_affordable,not_recommended,none,,none,"Only INR 14,123.82 of the INR 101,200 can be paid without dropping below the INR 52,800 minimum balance, and the full amount is not reachable within the forecast period."
request_241,2.1052E+7,affordable_with_plan,installments,2024-03-17:7298026.67|2024-04-17:7298026.67|2024-05-18:7298026.67,2024-03-03,none,"Spread the cost over 3 payments of IDR 7,298,026.67 starting 2024-03-17, totalling IDR 21,894,080.01. Each payment clears while holding the IDR 19,252,000 minimum balance."
request_242,0,not_affordable,not_recommended,none,,none,"Committed expenses keep the balance at or below the EUR 600 minimum, so no part of the EUR 1,966.8 can be paid safely."
request_243,17468,affordable_now,full_payment,2026-07-07:17468,2026-07-07,none,"Pay ZAR 17,468 today. The balance stays above the ZAR 19,900 minimum for the whole 90-day forecast."
request_244,49918,affordable_now,full_payment,2024-06-04:49918,2024-06-04,none,"Pay ZAR 49,918 today. The balance stays above the ZAR 45,900 minimum for the whole 90-day forecast."
request_245,34683.47,affordable_later,wait,2026-01-15:1.285E+5,2026-01-15,none,"Waiting until 2026-01-15 allows the full INR 128,500 to be paid while keeping the INR 94,600 minimum balance intact."
request_246,64086,affordable_with_plan,installments,2026-04-03:22216.48|2026-05-03:22216.48|2026-06-02:22216.48,2026-04-03,none,"Spread the cost over 3 payments of ZAR 22,216.48 starting 2026-04-03, totalling ZAR 66,649.44. Each payment clears while holding the ZAR 39,300 minimum balance."
request_247,1059.30,affordable_now,full_payment,2024-09-05:1059.30,2024-09-05,none,"Pay EUR 1,059.3 today. The balance stays above the EUR 1,300 minimum for the whole 90-day forecast."
request_248,324.53,not_affordable,not_recommended,none,,none,"Only USD 324.53 of the USD 1,965.6 can be paid without dropping below the USD 1,300 minimum balance, and the full amount is not reachable within the forecast period."
request_249,161.22,affordable_later,wait,2026-03-15:643.20,2026-03-15,none,Waiting until 2026-03-15 allows the full USD 643.2 to be paid while keeping the USD 600 minimum balance intact.
request_250,15777.63,not_affordable,not_recommended,none,,none,"Only ZAR 15,777.63 of the ZAR 124,278 can be paid without dropping below the ZAR 35,300 minimum balance, and the full amount is not reachable within the forecast period."
request_251,93.70,not_affordable,not_recommended,none,,none,"Only EUR 93.7 of the EUR 1,513.6 can be paid without dropping below the EUR 1,300 minimum balance, and the full amount is not reachable within the forecast period."
request_252,5659743.28,affordable_later,wait,2026-09-15:2.8082E+7,2026-09-15,none,"Waiting until 2026-09-15 allows the full IDR 28,082,000 to be paid while keeping the IDR 15,152,200 minimum balance intact."
request_253,1364.18,affordable_with_plan,installments,2024-03-21:984.60|2024-04-21:984.60|2024-05-22:984.60,2024-05-15,none,"Spread the cost over 3 payments of EUR 984.6 starting 2024-03-21, totalling EUR 2,953.8. Each payment clears while holding the EUR 2,300 minimum balance."
request_254,737.37,affordable_later,wait,2025-10-15:3535.20,2025-10-15,none,"Waiting until 2025-10-15 allows the full USD 3,535.2 to be paid while keeping the USD 2,500 minimum balance intact."
request_255,3191469.54,not_affordable,not_recommended,none,,none,"Only IDR 3,191,469.54 of the IDR 3,345,000 can be paid without dropping below the IDR 9,813,900 minimum balance, and the full amount is not reachable within the forecast period."
request_256,151212.64,affordable_with_plan,installments,2024-06-10:75816|2024-07-11:75816|2024-08-11:75816,2024-07-15,none,"Spread the cost over 3 payments of INR 75,816 starting 2024-06-10, totalling INR 227,448. Each payment clears while holding the INR 168,600 minimum balance."
request_257,474.86,affordable_later,wait,2026-01-15:1352.40,2026-01-15,none,"Waiting until 2026-01-15 allows the full USD 1,352.4 to be paid while keeping the USD 1,600 minimum balance intact."
request_258,1113.60,affordable_now,full_payment,2026-01-07:1113.60,2026-01-07,none,"Pay USD 1,113.6 today. The balance stays above the USD 500 minimum for the whole 90-day forecast."
request_259,487.32,affordable_later,wait,2024-10-15:935,2024-10-15,none,Waiting until 2024-10-15 allows the full EUR 935 to be paid while keeping the EUR 600 minimum balance intact.
request_260,7900997.15,not_affordable,not_recommended,none,,none,"Only IDR 7,900,997.15 of the IDR 52,079,000 can be paid without dropping below the IDR 20,727,700 minimum balance, and the full amount is not reachable within the forecast period."
request_261,1830.40,affordable_now,full_payment,2026-07-03:1830.40,2026-07-03,none,"Pay EUR 1,830.4 today. The balance stays above the EUR 1,500 minimum for the whole 90-day forecast."
request_262,9.236E+6,affordable_now,full_payment,2024-12-05:9.236E+6,2024-12-05,none,"Pay IDR 9,236,000 today. The balance stays above the IDR 31,018,500 minimum for the whole 90-day forecast."
request_263,6778.70,not_affordable,not_recommended,none,,none,"Only ZAR 6,778.7 of the ZAR 51,546 can be paid without dropping below the ZAR 24,100 minimum balance, and the full amount is not reachable within the forecast period."
request_264,22367.62,affordable_later,wait,2026-06-15:1.113E+5,2026-06-15,none,"Waiting until 2026-06-15 allows the full INR 111,300 to be paid while keeping the INR 59,500 minimum balance intact."
request_265,4.597E+4,affordable_now,full_payment,2024-03-06:4.597E+4,2024-03-06,none,"Pay INR 45,970 today. The balance stays above the INR 189,700 minimum for the whole 90-day forecast."
request_266,935,affordable_with_plan,installments,2025-08-03:324.13|2025-08-31:324.13|2025-09-28:324.13,2025-08-03,none,"Spread the cost over 3 payments of EUR 324.13 starting 2025-08-03, totalling EUR 972.39. Each payment clears while holding the EUR 900 minimum balance."
request_267,1580.13,not_affordable,not_recommended,none,,none,"Only EUR 1,580.13 of the EUR 1,925 can be paid without dropping below the EUR 1,500 minimum balance, and the full amount is not reachable within the forecast period."
request_268,1039.42,affordable_with_plan,installments,2024-06-14:841.22|2024-07-15:841.22|2024-08-15:841.22,2024-07-15,none,"Spread the cost over 3 payments of EUR 841.22 starting 2024-06-14, totalling EUR 2,523.66. Each payment clears while holding the EUR 1,400 minimum balance."
request_269,0,not_affordable,not_recommended,none,,none,"Committed expenses keep the balance at or below the ZAR 23,100 minimum, so no part of the ZAR 15,490 can be paid safely."
request_270,23.07,not_affordable,not_recommended,none,,none,"Only USD 23.07 of the USD 3,028.8 can be paid without dropping below the USD 1,400 minimum balance, and the full amount is not reachable within the forecast period."
request_271,16884.16,affordable_later,wait,2024-11-15:9.13E+4,2024-11-15,none,"Waiting until 2024-11-15 allows the full INR 91,300 to be paid while keeping the INR 58,200 minimum balance intact."
request_272,5987561.54,affordable_with_plan,installments,2025-02-12:4709466.67|2025-03-12:4709466.67|2025-04-09:4709466.67,2025-03-15,none,"Spread the cost over 3 payments of IDR 4,709,466.67 starting 2025-02-12, totalling IDR 14,128,400.01. Each payment clears while holding the IDR 7,508,600 minimum balance."
request_273,9484617.27,affordable_with_plan,partial_payment,2026-04-07:9484617.27|2026-04-15:6376382.73,2026-04-15,none,"Pay IDR 9,484,617.27 today and the remaining IDR 6,376,382.73 on 2026-04-15, which keeps the balance above IDR 18,774,600 throughout."
request_274,2011.32,not_affordable,not_recommended,none,,none,"Only EUR 2,011.32 of the EUR 2,713.7 can be paid without dropping below the EUR 1,800 minimum balance, and the full amount is not reachable within the forecast period."
request_275,1.5884E+7,affordable_now,full_payment,2025-05-06:1.5884E+7,2025-05-06,none,"Pay IDR 15,884,000 today. The balance stays above the IDR 12,760,100 minimum for the whole 90-day forecast."
